nursery_id,city,district,institution_name_std,institution_name_aliases,institution_form,operator_name_std,address_std,source_first_id,source_latest_id,inclusive_flag,community_embedded_flag,kindergarten_integrated_flag,medical_integration_flag,delayed_tempcare_flag,price_transparent_flag,teacher_emphasis_flag,chain_brand_flag,registry_evidence_count,geo_status,text_status,review_status
nursery_1e25c95ec53f,南京,,南京德贝保育服务有限公司,,,,江宁区胜太东路179号21世纪培训产业园二楼,NJ_REG_ENTRY_2023_江宁区_GOV_ATT_9E4A7222,NJ_REG_ENTRY_2023_江宁区_GOV_ATT_9E4A7222,,,,,,,,,1,READY_FOR_GEOCODE,PENDING,READY_FOR_GEOCODE
nursery_f369055917d4,南京,,南京宁禾托育有限公司,,托育机构,,南京市江宁区东山街道竹翠路54号102室,NJ_REG_ENTRY_2023_江宁区_GOV_ATT_9E4A7222,NJ_REG_ENTRY_2023_江宁区_GOV_ATT_9E4A7222,,,,,,,,,1,READY_FOR_GEOCODE,PENDING,READY_FOR_GEOCODE
nursery_3999d8920efe,南京,,南京吾家婴幼儿保育有限公司,,,,江宁区双龙大道与兰台街交汇处保乐荟2楼211-215,NJ_REG_ENTRY_2023_江宁区_GOV_ATT_9E4A7222,NJ_REG_ENTRY_2023_江宁区_GOV_ATT_9E4A7222,,,,1,,,,,1,READY_FOR_GEOCODE,PENDING,READY_FOR_GEOCODE
nursery_fa3c9aca2147,南京,,南京安夏蒙氏婴幼儿托育有限公司,,托育机构,,江宁区天元西路88号文化名园3-103,NJ_REG_ENTRY_2023_江宁区_GOV_ATT_9E4A7222,NJ_REG_ENTRY_2023_江宁区_GOV_ATT_9E4A7222,,,,,,,,,1,READY_FOR_GEOCODE,PENDING,READY_FOR_GEOCODE
nursery_14360c712721,南京,,唯思顿零三三(南京)保育服务有限公司,,,,江宁区秣陵街道韩府路8号香山美墅商业街,NJ_REG_ENTRY_2023_江宁区_GOV_ATT_9E4A7222,NJ_REG_ENTRY_2023_江宁区_GOV_ATT_9E4A7222,,,,,,,,,1,READY_FOR_GEOCODE,PENDING,READY_FOR_GEOCODE
nursery_73ffd4ccb3f1,南京,,南京市江宁区博文育儿园,,,,江宁区利源中路88号高尔夫国际花园22栋107室,NJ_REG_ENTRY_2023_江宁区_GOV_ATT_9E4A7222,NJ_REG_ENTRY_2023_江宁区_GOV_ATT_9E4A7222,,,,,,,,,1,READY_FOR_GEOCODE,PENDING,READY_FOR_GEOCODE
nursery_8e5d78722d2e,南京,,南京小象一号婴幼儿保育有限公司,,,,江宁区将军大道33号诗丹名苑10栋101-102号,NJ_REG_ENTRY_2023_江宁区_GOV_ATT_9E4A7222,NJ_REG_ENTRY_2023_江宁区_GOV_ATT_9E4A7222,,,,1,,,,,1,READY_FOR_GEOCODE,PENDING,READY_FOR_GEOCODE
nursery_7de16a643c43,南京,,南京天赋育儿园,,,,江宁区秣陵街道铺岗街28号,NJ_REG_ENTRY_2023_江宁区_GOV_ATT_9E4A7222,NJ_REG_ENTRY_2023_江宁区_GOV_ATT_9E4A7222,,,,,,,,,1,READY_FOR_GEOCODE,PENDING,READY_FOR_GEOCODE
nursery_93e62a51ea37,南京,,南京意蒙家婴幼儿照护服务有限公司,,,,江宁区清水亭东路9号万科金域蓝湾72幢,NJ_REG_ENTRY_2023_江宁区_GOV_ATT_9E4A7222,NJ_REG_ENTRY_2023_江宁区_GOV_ATT_9E4A7222,,,,,,,,,1,READY_FOR_GEOCODE,PENDING,READY_FOR_GEOCODE
nursery_6aa67bf6134d,南京,,南京市江宁区伊童之家保育服务有限公司,,,,江宁区长亭街55号珑湾花园商业01幢101室,NJ_REG_ENTRY_2023_江宁区_GOV_ATT_9E4A7222,NJ_REG_ENTRY_2023_江宁区_GOV_ATT_9E4A7222,,,,,,,,,1,READY_FOR_GEOCODE,PENDING,READY_FOR_GEOCODE
nursery_28629ac70f75,南京,,南京诚基保育服务有限公司,,,,江宁区天元中路128号诚基名苑2幢106室,NJ_REG_ENTRY_2023_江宁区_GOV_ATT_9E4A7222,NJ_REG_ENTRY_2023_江宁区_GOV_ATT_9E4A7222,,,,,,,,,1,READY_FOR_GEOCODE,PENDING,READY_FOR_GEOCODE
nursery_0ac6b63caf50,南京,,南京思奕婴幼儿保育有限公司,,,,江宁区汤山街道汤泉东路43号,NJ_REG_ENTRY_2023_江宁区_GOV_ATT_9E4A7222,NJ_REG_ENTRY_2023_江宁区_GOV_ATT_9E4A7222,,,,1,,,,,1,READY_FOR_GEOCODE,PENDING,READY_FOR_GEOCODE
nursery_bf35caa91e8f,南京,,南京市江宁区金龟子育儿园,,,,江宁区莱茵达路96-100号,NJ_REG_ENTRY_2023_江宁区_GOV_ATT_9E4A7222,NJ_REG_ENTRY_2023_江宁区_GOV_ATT_9E4A7222,,,,,,,,,1,READY_FOR_GEOCODE,PENDING,READY_FOR_GEOCODE
nursery_b98eb8f6368f,南京,,南京金宝宝启蒙婴幼儿保育有限公司,,,,江宁区金宝商业广场天元路店31栋1楼1号,NJ_REG_ENTRY_2023_江宁区_GOV_ATT_9E4A7222,NJ_REG_ENTRY_2023_江宁区_GOV_ATT_9E4A7222,,,,1,,,,,1,READY_FOR_GEOCODE,PENDING,READY_FOR_GEOCODE
nursery_ef8cc087763e,南京,,南京市江宁区哆唻咪育儿园,,,,江宁区天印大道明月新寓门面房1008-16号,NJ_REG_ENTRY_2023_江宁区_GOV_ATT_9E4A7222,NJ_REG_ENTRY_2023_江宁区_GOV_ATT_9E4A7222,,,,,,,,,1,READY_FOR_GEOCODE,PENDING,READY_FOR_GEOCODE
nursery_d7227f02e8da,南京,,南京市七彩宝屋保育服务有限公司,,,,江宁区湖东路29号9号楼208,NJ_REG_ENTRY_2023_江宁区_GOV_ATT_9E4A7222,NJ_REG_ENTRY_2023_江宁区_GOV_ATT_9E4A7222,,,,,,,,,1,READY_FOR_GEOCODE,PENDING,READY_FOR_GEOCODE
nursery_afeaa8fa7f84,南京,,南京铃兰婴幼儿保育有限公司,,,,江宁区科学园竹山南路潭桥北园商业综合楼二楼,NJ_REG_ENTRY_2023_江宁区_GOV_ATT_9E4A7222,NJ_REG_ENTRY_2023_江宁区_GOV_ATT_9E4A7222,,,,1,,,,,1,READY_FOR_GEOCODE,PENDING,READY_FOR_GEOCODE
nursery_5169f8707bc8,南京,,南京心禾婴幼儿托育有限公司,,托育机构,,江宁区湖熟街道友谊路18号,NJ_REG_ENTRY_2023_江宁区_GOV_ATT_9E4A7222,NJ_REG_ENTRY_2023_江宁区_GOV_ATT_9E4A7222,,,,,,,,,1,READY_FOR_GEOCODE,PENDING,READY_FOR_GEOCODE
nursery_58d87314b733,南京,,南京泰兰特保育服务有限公司,,,,江宁区麒麟街道麒东路777号银亿东城第九街道40号206室,NJ_REG_ENTRY_2023_江宁区_GOV_ATT_9E4A7222,NJ_REG_ENTRY_2023_江宁区_GOV_ATT_9E4A7222,,,,,,,,,1,READY_FOR_GEOCODE,PENDING,READY_FOR_GEOCODE
nursery_2108a41b9902,南京,,南京三之三幼儿园,,托幼一体/托班,,南京市秦淮区御道街169号,NJ_REG_ENTRY_2023_秦淮区_GOV,NJ_REG_ENTRY_2023_秦淮区_GOV,,,1,,,,,,1,READY_FOR_GEOCODE,PENDING,READY_FOR_GEOCODE
nursery_4c05e09cfb39,南京,,南京秦淮龙苑幼儿园,,托幼一体/托班,,南京市秦淮区龙苑新寓一村9号,NJ_REG_ENTRY_2023_秦淮区_GOV,NJ_REG_ENTRY_2023_秦淮区_GOV,,,1,,,,,,1,READY_FOR_GEOCODE,PENDING,READY_FOR_GEOCODE
nursery_1c9959e96bd2,南京,,奥星幼儿园,,托幼一体/托班,,南京市秦淮区苜蓿园大街69号,NJ_REG_ENTRY_2023_秦淮区_GOV,NJ_REG_ENTRY_2023_秦淮区_GOV,,,1,,,,,,1,READY_FOR_GEOCODE,PENDING,READY_FOR_GEOCODE
nursery_c23d32b53d6b,南京,,天坛新寓幼儿园,,托幼一体/托班,,南京市秦淮区石门坎146号,NJ_REG_ENTRY_2023_秦淮区_GOV,NJ_REG_ENTRY_2023_秦淮区_GOV,,,1,,,,,,1,READY_FOR_GEOCODE,PENDING,READY_FOR_GEOCODE
nursery_0048bddea0f5,南京,,南京鸿意星城幼儿园,,托幼一体/托班,,南京市秦淮区星海路6号,NJ_REG_ENTRY_2023_秦淮区_GOV,NJ_REG_ENTRY_2023_秦淮区_GOV,,,1,,,,,,1,READY_FOR_GEOCODE,PENDING,READY_FOR_GEOCODE
nursery_c0eb39b1466f,南京,,南京美儿乐婴幼儿保育服务有限公司,,,,南京市秦淮区象房村路50号-1,NJ_REG_ENTRY_2023_秦淮区_GOV,NJ_REG_ENTRY_2023_秦淮区_GOV,,,,1,,,,,1,READY_FOR_GEOCODE,PENDING,READY_FOR_GEOCODE
nursery_5e628f733f6a,南京,,南京因爱婴幼儿保育有限公司,,,,南京市秦淮区汇景北路140号2楼,NJ_REG_ENTRY_2023_秦淮区_GOV,NJ_REG_ENTRY_2023_秦淮区_GOV,,,,1,,,,,1,READY_FOR_GEOCODE,PENDING,READY_FOR_GEOCODE
nursery_5d158bfd0863,南京,,大地幼儿园,,托幼一体/托班,,南京市秦淮区尚书巷3号,NJ_REG_ENTRY_2023_秦淮区_GOV,NJ_REG_ENTRY_2023_秦淮区_GOV,,,1,,,,,,1,READY_FOR_GEOCODE,PENDING,READY_FOR_GEOCODE
nursery_c46532d0df3b,南京,,南京紫金明珠幼儿园,,托幼一体/托班,,秦淮区星海路8号39幢,NJ_REG_ENTRY_2023_秦淮区_GOV,NJ_REG_ENTRY_2023_秦淮区_GOV,,,1,,,,,,1,READY_FOR_GEOCODE,PENDING,READY_FOR_GEOCODE
nursery_875e4fb1f404,南京,,南京秦淮东方智能幼儿园,,托幼一体/托班,,南京市秦淮区永乐北路2号,NJ_REG_ENTRY_2023_秦淮区_GOV,NJ_REG_ENTRY_2023_秦淮区_GOV,,,1,,,,,,1,READY_FOR_GEOCODE,PENDING,READY_FOR_GEOCODE
nursery_e5ab6e8067a2,南京,,南京市七韵幼儿园,,托幼一体/托班,,秦淮区石杨路116号住建大厦3栋,NJ_REG_ENTRY_2023_秦淮区_GOV,NJ_REG_ENTRY_2023_秦淮区_GOV,,,1,,,,,,1,READY_FOR_GEOCODE,PENDING,READY_FOR_GEOCODE
nursery_974698596bb7,南京,,南京秦淮汇景幼儿园,,托幼一体/托班,,南京市秦淮区汇福苑7号,NJ_REG_ENTRY_2023_秦淮区_GOV,NJ_REG_ENTRY_2023_秦淮区_GOV,,,1,,,,,,1,READY_FOR_GEOCODE,PENDING,READY_FOR_GEOCODE
nursery_d0f961b85571,南京,,南京市示范托儿所,,托儿所,,南京市秦淮区天妃巷123号,NJ_REG_ENTRY_2023_秦淮区_GOV,NJ_REG_ENTRY_2023_秦淮区_GOV,,,,,,,,,1,READY_FOR_GEOCODE,PENDING,READY_FOR_GEOCODE
nursery_b17dba7bab4a,南京,,南京江南明珠幼儿园,,托幼一体/托班,,南京市秦淮区石杨路2号44幢,NJ_REG_ENTRY_2023_秦淮区_GOV,NJ_REG_ENTRY_2023_秦淮区_GOV,,,1,,,,,,1,READY_FOR_GEOCODE,PENDING,READY_FOR_GEOCODE
nursery_e441a6f3f661,南京,,南京市秦淮区银龙幼儿园,,托幼一体/托班,,南京市秦淮区石杨路55号,NJ_REG_ENTRY_2023_秦淮区_GOV,NJ_REG_ENTRY_2023_秦淮区_GOV,,,1,,,,,,1,READY_FOR_GEOCODE,PENDING,READY_FOR_GEOCODE
nursery_6a7e4f9a9fc1,南京,,东方智能鑫园幼儿园,,托幼一体/托班,,南京市秦淮区光华路2号,NJ_REG_ENTRY_2023_秦淮区_GOV,NJ_REG_ENTRY_2023_秦淮区_GOV,,,1,,,,,,1,READY_FOR_GEOCODE,PENDING,READY_FOR_GEOCODE
nursery_b4799a1b96f5,南京,,南京秦淮晨光幼儿园,,托幼一体/托班,,南京市秦淮区武定新村38号,NJ_REG_ENTRY_2023_秦淮区_GOV,NJ_REG_ENTRY_2023_秦淮区_GOV,,,1,,,,,,1,READY_FOR_GEOCODE,PENDING,READY_FOR_GEOCODE
nursery_352c5112ca48,南京,,江苏省儿童康复研究中心,,,,秦淮区丰富路53号,NJ_REG_ENTRY_2023_秦淮区_GOV,NJ_REG_ENTRY_2023_秦淮区_GOV,,,,,,,,,1,READY_FOR_GEOCODE,PENDING,READY_FOR_GEOCODE
nursery_0e72a40c7225,南京,,南京市秦淮区胭脂巷幼儿园托班,,托幼一体/托班,,南京市秦淮区荷花塘12号,NJ_REG_ENTRY_2023_秦淮区_GOV,NJ_REG_ENTRY_2023_秦淮区_GOV,,,1,,,,,,1,READY_FOR_GEOCODE,PENDING,READY_FOR_GEOCODE
nursery_9378f05459d5,南京,,南京市秦淮区文昌巷幼儿园托班,,托幼一体/托班,,南京市秦淮区文昌巷19号－2,NJ_REG_ENTRY_2023_秦淮区_GOV,NJ_REG_ENTRY_2023_秦淮区_GOV,,,1,,,,,,1,READY_FOR_GEOCODE,PENDING,READY_FOR_GEOCODE
nursery_9a586727bfbe,南京,,南京市小白鹭幼儿园托班,,托幼一体/托班,,南京市秦淮区曙光里55号,NJ_REG_ENTRY_2023_秦淮区_GOV,NJ_REG_ENTRY_2023_秦淮区_GOV,,,1,,,,,,1,READY_FOR_GEOCODE,PENDING,READY_FOR_GEOCODE
nursery_1a411700739f,南京,,南京市秦淮区博乐婴幼儿托育园,,托育机构,,南京市秦淮区迎春苑24号,NJ_REG_ENTRY_2023_秦淮区_GOV,NJ_REG_ENTRY_2023_秦淮区_GOV,,,,,,,,,1,READY_FOR_GEOCODE,PENDING,READY_FOR_GEOCODE
nursery_00887cbe49a8,南京,,南京航空航天大学幼儿园托班,,托幼一体/托班,,南京市秦淮区西苑小区,NJ_REG_ENTRY_2023_秦淮区_GOV,NJ_REG_ENTRY_2023_秦淮区_GOV,,,1,,,,,,1,READY_FOR_GEOCODE,PENDING,READY_FOR_GEOCODE
nursery_ac6ee9a874a5,南京,,南京市第一幼儿园,,托幼一体/托班,,秦淮区八宝前街11号,NJ_REG_ENTRY_2023_秦淮区_GOV,NJ_REG_ENTRY_2023_秦淮区_GOV,,,1,,,,,,1,READY_FOR_GEOCODE,PENDING,READY_FOR_GEOCODE
nursery_33d399d3f36b,南京,,南京市秦淮区秦虹幼儿园托班,,托幼一体/托班,,南京市秦淮区高虹苑67号,NJ_REG_ENTRY_2023_秦淮区_GOV,NJ_REG_ENTRY_2023_秦淮区_GOV,,,1,,,,,,1,READY_FOR_GEOCODE,PENDING,READY_FOR_GEOCODE
nursery_5ee72ddb9446,南京,,中国电子科技集团公司第二十八研究所幼儿园,,托幼一体/托班,,南京市秦淮区苜蓿园东街1号,NJ_REG_ENTRY_2023_秦淮区_GOV,NJ_REG_ENTRY_2023_秦淮区_GOV,,,1,,,,,,1,READY_FOR_GEOCODE,PENDING,READY_FOR_GEOCODE
nursery_356e649b68a2,南京,,南京市秦淮区李府巷幼儿园托班,,托幼一体/托班,,南京市秦淮区双塘街道玉带园小区-69号,NJ_REG_ENTRY_2023_秦淮区_GOV,NJ_REG_ENTRY_2023_秦淮区_GOV,,,1,,,,,,1,READY_FOR_GEOCODE,PENDING,READY_FOR_GEOCODE
nursery_27fd8fb9aa92,南京,,南京市秦淮区淮海幼儿园托班,,托幼一体/托班,,南京市秦淮区八条巷7号,NJ_REG_ENTRY_2023_秦淮区_GOV,NJ_REG_ENTRY_2023_秦淮区_GOV,,,1,,,,,,1,READY_FOR_GEOCODE,PENDING,READY_FOR_GEOCODE
nursery_aa61856a8da5,南京,,南京市朝天宫幼儿园托班,,托幼一体/托班,,南京市秦淮区韩家苑15-1号,NJ_REG_ENTRY_2023_秦淮区_GOV,NJ_REG_ENTRY_2023_秦淮区_GOV,,,1,,,,,,1,READY_FOR_GEOCODE,PENDING,READY_FOR_GEOCODE
nursery_b76edc138a3a,南京,,南京市实验托儿所,,托儿所,,南京市秦淮区白下路309号,NJ_REG_ENTRY_2023_秦淮区_GOV,NJ_REG_ENTRY_2023_秦淮区_GOV,,,,,,,,,1,READY_FOR_GEOCODE,PENDING,READY_FOR_GEOCODE
nursery_ea0d6a0dc44d,南京,,南京市秦淮区王府园幼儿园托班,,托幼一体/托班,,南京市秦淮区王府园小区内,NJ_REG_ENTRY_2023_秦淮区_GOV,NJ_REG_ENTRY_2023_秦淮区_GOV,,,1,,,,,,1,READY_FOR_GEOCODE,PENDING,READY_FOR_GEOCODE
nursery_267ad37c5c95,南京,,南京市太平巷幼儿园托班,,托幼一体/托班,,南京市秦淮区龙蟠中路388号,NJ_REG_ENTRY_2023_秦淮区_GOV,NJ_REG_ENTRY_2023_秦淮区_GOV,,,1,,,,,,1,READY_FOR_GEOCODE,PENDING,READY_FOR_GEOCODE
nursery_74fd1f319e37,南京,,南京市光华东街幼儿园,,托幼一体/托班,,南京市秦淮区光华园11号,NJ_REG_ENTRY_2023_秦淮区_GOV,NJ_REG_ENTRY_2023_秦淮区_GOV,,,1,,,,,,1,READY_FOR_GEOCODE,PENDING,READY_FOR_GEOCODE
nursery_971cc2ad071c,南京,,南京市秦淮区五老村幼儿园托班,,托幼一体/托班,,南京市秦淮区新巷34号,NJ_REG_ENTRY_2023_秦淮区_GOV,NJ_REG_ENTRY_2023_秦淮区_GOV,,,1,,,,,,1,READY_FOR_GEOCODE,PENDING,READY_FOR_GEOCODE
nursery_e8d1b00c652a,南京,,解放军第八一医院幼儿园,,托幼一体/托班,,秦淮区大杨村30号,NJ_REG_ENTRY_2023_秦淮区_GOV,NJ_REG_ENTRY_2023_秦淮区_GOV,,,1,,,,,,1,READY_FOR_GEOCODE,PENDING,READY_FOR_GEOCODE
nursery_0702ddc525c8,南京,,南京市秦淮区东方红幼儿园托班,,托幼一体/托班,,南京市秦淮区金陵闸43号,NJ_REG_ENTRY_2023_秦淮区_GOV,NJ_REG_ENTRY_2023_秦淮区_GOV,,,1,,,,,,1,READY_FOR_GEOCODE,PENDING,READY_FOR_GEOCODE
nursery_f10c36b0cac2,南京,,江苏省军区第四幼儿园,,托幼一体/托班,,南京市秦淮区铜井巷,NJ_REG_ENTRY_2023_秦淮区_GOV,NJ_REG_ENTRY_2023_秦淮区_GOV,,,1,,,,,,1,READY_FOR_GEOCODE,PENDING,READY_FOR_GEOCODE
nursery_5d3598a48a52,南京,,中国人民解放军94608部队幼儿园托班,,托幼一体/托班,,南京市秦淮区中和桥30号,NJ_REG_ENTRY_2023_秦淮区_GOV,NJ_REG_ENTRY_2023_秦淮区_GOV,,,1,,,,,,1,READY_FOR_GEOCODE,PENDING,READY_FOR_GEOCODE
nursery_ff75c72eb54a,南京,,东部战区总医院玄武幼儿园,,托幼一体/托班,,南京市秦淮区中山东路305号,NJ_REG_ENTRY_2023_秦淮区_GOV,NJ_REG_ENTRY_2023_秦淮区_GOV,,,1,,,,,,1,READY_FOR_GEOCODE,PENDING,READY_FOR_GEOCODE
nursery_90c71ff451cb,南京,,陆军工程大学标营幼儿园,,托幼一体/托班,,南京市秦淮区标营2号,NJ_REG_ENTRY_2023_秦淮区_GOV,NJ_REG_ENTRY_2023_秦淮区_GOV,,,1,,,,,,1,READY_FOR_GEOCODE,PENDING,READY_FOR_GEOCODE
nursery_38bc34851b73,南京,,中国人民解放军陆军工程大学双龙街幼儿园,,托幼一体/托班,,双龙大道气象学院,NJ_REG_ENTRY_2023_秦淮区_GOV,NJ_REG_ENTRY_2023_秦淮区_GOV,,,1,,,,,,1,READY_FOR_GEOCODE,PENDING,READY_FOR_GEOCODE
nursery_c27c1c6c275e,南京,,中国人民解放军陆军工程大学海福巷幼儿园,,托幼一体/托班,,南京市秦淮区海福巷1号,NJ_REG_ENTRY_2023_秦淮区_GOV,NJ_REG_ENTRY_2023_秦淮区_GOV,,,1,,,,,,1,READY_FOR_GEOCODE,PENDING,READY_FOR_GEOCODE
nursery_ca8e636763be,南京,,南京市四方幼儿园,,托幼一体/托班,,南京市秦淮区光华路街道四方新村八村,NJ_REG_ENTRY_2023_秦淮区_GOV,NJ_REG_ENTRY_2023_秦淮区_GOV,,,1,,,,,,1,READY_FOR_GEOCODE,PENDING,READY_FOR_GEOCODE
nursery_bf8aae2b3783,南京,,南京市君望墅幼儿园,,托幼一体/托班,,南京市永丰大道52号-2幢,NJ_REG_ENTRY_2023_秦淮区_GOV,NJ_REG_ENTRY_2023_秦淮区_GOV,,,1,,,,,,1,READY_FOR_GEOCODE,PENDING,READY_FOR_GEOCODE
nursery_c4ad6ff0533c,南京,,南京中兴苑幼儿园托班,,托幼一体/托班,,南京市秦淮区虎踞南路35号,NJ_REG_ENTRY_2023_秦淮区_GOV,NJ_REG_ENTRY_2023_秦淮区_GOV,,,1,,,,,,1,READY_FOR_GEOCODE,PENDING,READY_FOR_GEOCODE
nursery_ee6ef2ecc44e,南京,,南京市银龙景苑幼儿园,,托幼一体/托班,,南京市秦淮区西桐路10号,NJ_REG_ENTRY_2023_秦淮区_GOV,NJ_REG_ENTRY_2023_秦淮区_GOV,,,1,,,,,,1,READY_FOR_GEOCODE,PENDING,READY_FOR_GEOCODE
nursery_3151208996e7,南京,,南京市佳营幼儿园托班,,托幼一体/托班,,南京市秦淮区佳营东路6-1,NJ_REG_ENTRY_2023_秦淮区_GOV,NJ_REG_ENTRY_2023_秦淮区_GOV,,,1,,,,,,1,READY_FOR_GEOCODE,PENDING,READY_FOR_GEOCODE
nursery_b03c33c47854,南京,,南京市银龙鑫苑幼儿园,,托幼一体/托班,,南京市秦淮区石杨路107号-6栋,NJ_REG_ENTRY_2023_秦淮区_GOV,NJ_REG_ENTRY_2023_秦淮区_GOV,,,1,,,,,,1,READY_FOR_GEOCODE,PENDING,READY_FOR_GEOCODE
nursery_5d3ad6fb2d95,南京,,南京市瑞金路幼儿园托班,,托幼一体/托班,,南京市秦淮区大阳沟16号,NJ_REG_ENTRY_2023_秦淮区_GOV,NJ_REG_ENTRY_2023_秦淮区_GOV,,,1,,,,,,1,READY_FOR_GEOCODE,PENDING,READY_FOR_GEOCODE
nursery_054ac03d615b,南京,,南京市小西湖幼儿园,,托幼一体/托班,,南京市秦淮区东关头25号,NJ_REG_ENTRY_2023_秦淮区_GOV,NJ_REG_ENTRY_2023_秦淮区_GOV,,,1,,,,,,1,READY_FOR_GEOCODE,PENDING,READY_FOR_GEOCODE
nursery_f334cebe27ec,南京,,南京市秦淮幼儿园托班,,托幼一体/托班,,南京市秦淮区丽景华庭-7幢,NJ_REG_ENTRY_2023_秦淮区_GOV,NJ_REG_ENTRY_2023_秦淮区_GOV,,,1,,,,,,1,READY_FOR_GEOCODE,PENDING,READY_FOR_GEOCODE
nursery_033f9c344fb6,南京,,南京市西桐路幼儿园(梅花山庄幼儿园分园),,托幼一体/托班,,南京市秦淮区西桐路9号,NJ_REG_ENTRY_2023_秦淮区_GOV,NJ_REG_ENTRY_2023_秦淮区_GOV,,,1,,,,,,1,READY_FOR_GEOCODE,PENDING,READY_FOR_GEOCODE
nursery_9f9300011c8f,南京,,南京市石杨路幼儿园,,托幼一体/托班,,南京市秦淮区石杨路101号50幢,NJ_REG_ENTRY_2023_秦淮区_GOV,NJ_REG_ENTRY_2023_秦淮区_GOV,,,1,,,,,,1,READY_FOR_GEOCODE,PENDING,READY_FOR_GEOCODE
nursery_879040f66401,南京,,南京市游府西街幼儿园,,托幼一体/托班,,南京市秦淮区游府新村24号,NJ_REG_ENTRY_2023_秦淮区_GOV,NJ_REG_ENTRY_2023_秦淮区_GOV,,,1,,,,,,1,READY_FOR_GEOCODE,PENDING,READY_FOR_GEOCODE
nursery_399ddb0acf28,南京,,南京市府西街小学附属幼儿园,,托幼一体/托班,,秦淮区秣陵路16号,NJ_REG_ENTRY_2023_秦淮区_GOV,NJ_REG_ENTRY_2023_秦淮区_GOV,,,1,,,,,,1,READY_FOR_GEOCODE,PENDING,READY_FOR_GEOCODE
nursery_0c7bee99d477,南京,,南京上怡婴幼儿托育有限公司红花地秦苗苗分公司,,托育机构,,南京市秦淮区红花地43号,NJ_REG_ENTRY_2023_秦淮区_GOV,NJ_REG_ENTRY_2023_秦淮区_GOV,,,,,,,,,1,READY_FOR_GEOCODE,PENDING,READY_FOR_GEOCODE
nursery_1374f597c338,南京,,南京市石鼓路小学附属幼儿园托班,,托幼一体/托班,,秦淮区韩家苑15-1,NJ_REG_ENTRY_2023_秦淮区_GOV,NJ_REG_ENTRY_2023_秦淮区_GOV,,,1,,,,,,1,READY_FOR_GEOCODE,PENDING,READY_FOR_GEOCODE
nursery_9c91db7a039a,南京,,南京雅居乐花园幼儿园,,托幼一体/托班,,南京市秦淮区龙蟠南路33号,NJ_REG_ENTRY_2023_秦淮区_GOV,NJ_REG_ENTRY_2023_秦淮区_GOV,,,1,,,,,,1,READY_FOR_GEOCODE,PENDING,READY_FOR_GEOCODE
nursery_71f9cc26c594,南京,,南京秦淮小米奇幼儿园,,托幼一体/托班,,南京市秦淮区双塘路柳叶街133号,NJ_REG_ENTRY_2023_秦淮区_GOV,NJ_REG_ENTRY_2023_秦淮区_GOV,,,1,,,,,,1,READY_FOR_GEOCODE,PENDING,READY_FOR_GEOCODE
nursery_a649d04012e2,南京,,南京秦淮五洲幼儿园,,托幼一体/托班,,南京市秦淮区石门坎100-3号,NJ_REG_ENTRY_2023_秦淮区_GOV,NJ_REG_ENTRY_2023_秦淮区_GOV,,,1,,,,,,1,READY_FOR_GEOCODE,PENDING,READY_FOR_GEOCODE
nursery_90318c29224a,南京,,南京文思荟智婴幼儿保育有限公司,,,,南京市秦淮区航程路16号101室,NJ_REG_ENTRY_2023_秦淮区_GOV,NJ_REG_ENTRY_2023_秦淮区_GOV,,,,1,,,,,1,READY_FOR_GEOCODE,PENDING,READY_FOR_GEOCODE
nursery_a68ff93e3b40,南京,,南京开心果婴幼儿保育有限公司,,,,南京市秦淮区后标营小区50号水缘居1幢2楼,NJ_REG_ENTRY_2023_秦淮区_GOV,NJ_REG_ENTRY_2023_秦淮区_GOV,,,,1,,,,,1,READY_FOR_GEOCODE,PENDING,READY_FOR_GEOCODE
nursery_68852924ee73,南京,,南京市富丽山庄幼儿园托班,,托幼一体/托班,,南京市秦淮区苜蓿园大街4号,NJ_REG_ENTRY_2023_秦淮区_GOV,NJ_REG_ENTRY_2023_秦淮区_GOV,,,1,,,,,,1,READY_FOR_GEOCODE,PENDING,READY_FOR_GEOCODE
nursery_cfec04f611f1,南京,,南京东恒阳光幼儿园,,托幼一体/托班,,玄武区黑墨营98号,NJ_REG_ENTRY_2023_秦淮区_GOV,NJ_REG_ENTRY_2023_秦淮区_GOV,,,1,,,,,,1,READY_FOR_GEOCODE,PENDING,READY_FOR_GEOCODE
nursery_a3fa3042333c,南京,,南京市秦淮区常府幼儿园,,托幼一体/托班,,南京市秦淮区街398号,NJ_REG_ENTRY_2023_秦淮区_GOV,NJ_REG_ENTRY_2023_秦淮区_GOV,,,1,,,,,,1,READY_FOR_GEOCODE,PENDING,READY_FOR_GEOCODE
nursery_0e3e140d5042,南京,,南京市秦淮区康康幼儿园,,托幼一体/托班,,秦淮区秦虹小区康居里25栋,NJ_REG_ENTRY_2023_秦淮区_GOV,NJ_REG_ENTRY_2023_秦淮区_GOV,,,1,,,,,,1,READY_FOR_GEOCODE,PENDING,READY_FOR_GEOCODE
nursery_7f265b4d5cfd,南京,,南京市秦淮区保利堂悦幼儿园,,托幼一体/托班,,秦淮区汇康路99号1幢,NJ_REG_ENTRY_2023_秦淮区_GOV,NJ_REG_ENTRY_2023_秦淮区_GOV,,,1,,,,,,1,READY_FOR_GEOCODE,PENDING,READY_FOR_GEOCODE
nursery_3ce61d206e4e,南通,,如皋市爱贝艺术培训有限公司,,,,如皋市东方花园二期586号,NT_REG_ORGAN_SEARCH,NT_REG_ORGAN_SEARCH,,,,,,,,,1,READY_FOR_GEOCODE,PENDING,READY_FOR_GEOCODE
nursery_789eca02702e,南通,,海安高新区孙庄幼儿园,,托幼一体/托班,,,NT_REG_ORGAN_SEARCH,NT_REG_ORGAN_SEARCH,,,1,,,,,,1,BLOCKED_ADDRESS_MISSING,PENDING,REVIEW_REQUIRED
nursery_e426fd191f80,南通,,如皋市七彩阳光儿童成长有限公司,,,,如皋市城南街道御锦馨河城5幢8号商铺,NT_REG_ORGAN_SEARCH,NT_REG_ORGAN_SEARCH,,,,,,,,,1,READY_FOR_GEOCODE,PENDING,READY_FOR_GEOCODE
nursery_889e50f8048b,南通,,贝悠儿幼儿园,,托幼一体/托班,,平潮镇晏园枫庭21幢,NT_REG_ORGAN_SEARCH,NT_REG_ORGAN_SEARCH,,,1,,,,,,1,READY_FOR_GEOCODE,PENDING,READY_FOR_GEOCODE
nursery_6ac32b159adb,南通,,南通吉堡倍悠儿托育有限公司,,托育机构,,新世纪大道158号,NT_REG_ORGAN_SEARCH,NT_REG_ORGAN_SEARCH,,,,,,,,,1,READY_FOR_GEOCODE,PENDING,READY_FOR_GEOCODE
nursery_3fc647091ae8,南通,,南通市海门区浦江幼儿园,,托幼一体/托班,,南通市海门区浦江幼儿园北京路北浦江路口,NT_REG_ORGAN_SEARCH,NT_REG_ORGAN_SEARCH,,,1,,,,,,1,READY_FOR_GEOCODE,PENDING,READY_FOR_GEOCODE
nursery_4c44a136402a,南通,,南通市海门区长兴幼儿园,,托幼一体/托班,,南通市海门区常乐镇长安路165号,NT_REG_ORGAN_SEARCH,NT_REG_ORGAN_SEARCH,,,1,,,,,,1,READY_FOR_GEOCODE,PENDING,READY_FOR_GEOCODE
nursery_2f0fd87dd116,南通,,南通市海门区锦绣幼儿园,,托幼一体/托班,,南通市海门区锦绣幼儿园丝绸路349号,NT_REG_ORGAN_SEARCH,NT_REG_ORGAN_SEARCH,,,1,,,,,,1,READY_FOR_GEOCODE,PENDING,READY_FOR_GEOCODE
nursery_4759407a805e,南通,,南通市海门区东洲幼儿园,,托幼一体/托班,,南通市海门区育才路77号,NT_REG_ORGAN_SEARCH,NT_REG_ORGAN_SEARCH,,,1,,,,,,1,READY_FOR_GEOCODE,PENDING,READY_FOR_GEOCODE
nursery_3044babd7df6,南通,,南通市海门区临江镇诺迪幼儿园有限公司,,托幼一体/托班,,海门区临江镇洞庭湖路100号,NT_REG_ORGAN_SEARCH,NT_REG_ORGAN_SEARCH,,,1,,,,,,1,READY_FOR_GEOCODE,PENDING,READY_FOR_GEOCODE
nursery_e47bdec10fa2,盐城,响水县,响水县响水镇幼儿园,,托幼一体/托班,,响水县响灌路 280 号,YC_REG_PUHUI_DEMO_2023,YC_REG_PUHUI_DEMO_2023,,,1,,,,,,1,READY_FOR_GEOCODE,PENDING,READY_FOR_GEOCODE
nursery_766f4a2bb81a,盐城,滨海县,滨海县运动宝贝早教中心,,,,滨海县景湖理想城商业楼 C 楼 102.201-205 室,YC_REG_PUHUI_DEMO_2023,YC_REG_PUHUI_DEMO_2023,,,,,,,,,1,READY_FOR_GEOCODE,PENDING,READY_FOR_GEOCODE
nursery_d5193e7d501e,盐城,阜宁县,七彩之光托育有限公司,,托育机构,,阜宁县馥桂园 25 栋 S236 、 S237 室,YC_REG_PUHUI_DEMO_2023,YC_REG_PUHUI_DEMO_2023,,,,,,,,,1,READY_FOR_GEOCODE,PENDING,READY_FOR_GEOCODE
nursery_b544f0387213,盐城,射阳县,射阳县小荧星托育中心有限公司,,托育机构,,射阳县金科未来城小区 1 号楼 102 、 103 室,YC_REG_PUHUI_DEMO_2023,YC_REG_PUHUI_DEMO_2023,,,,,,,,,1,READY_FOR_GEOCODE,PENDING,READY_FOR_GEOCODE
nursery_d4c253b687c0,盐城,建湖县,建湖壹心托育有限公司,,托育机构,,建湖县京城国际 13 号楼 101 室,YC_REG_PUHUI_DEMO_2023,YC_REG_PUHUI_DEMO_2023,,,,,,,,,1,READY_FOR_GEOCODE,PENDING,READY_FOR_GEOCODE
nursery_d93f8ec1e8b6,盐城,东台市,东台市东方幼儿园,,托幼一体/托班,,东台市东园路 168-28 号,YC_REG_PUHUI_DEMO_2023,YC_REG_PUHUI_DEMO_2023,,,1,,,,,,1,READY_FOR_GEOCODE,PENDING,READY_FOR_GEOCODE
nursery_a8aff3fafef4,盐城,大丰区,大丰区大中街道中心幼儿园城南分园,,托幼一体/托班,,大丰区晨风路 2 号,YC_REG_PUHUI_DEMO_2023,YC_REG_PUHUI_DEMO_2023,,,1,,,,,,1,READY_FOR_GEOCODE,PENDING,READY_FOR_GEOCODE
nursery_a1be3823b325,盐城,盐都区,盐城金域华府托育有限公司,,托育机构,,盐都区盐枕路 2 号,YC_REG_PUHUI_DEMO_2023,YC_REG_PUHUI_DEMO_2023,,,,,,,,,1,READY_FOR_GEOCODE,PENDING,READY_FOR_GEOCODE
nursery_57d2d6946713,盐城,亭湖区,盐城市解放路实验学校第三附属幼儿园,,托幼一体/托班,,亭湖区文榭路 9 号,YC_REG_PUHUI_DEMO_2023,YC_REG_PUHUI_DEMO_2023,,,1,,,,,,1,READY_FOR_GEOCODE,PENDING,READY_FOR_GEOCODE
nursery_3ab6de11e8a6,盐城,经济技术开发区,盐城市松江路幼儿园,,托幼一体/托班,,盐城经济技术开发区松江路 8 号,YC_REG_PUHUI_DEMO_2023,YC_REG_PUHUI_DEMO_2023,,,1,,,,,,1,READY_FOR_GEOCODE,PENDING,READY_FOR_GEOCODE
nursery_696067d4628a,盐城,盐南高新区,盐城金睿教育信息咨询有限公司,,,,盐南高新区新都街道晶都悦府 30 号楼 201 、 301 室,YC_REG_PUHUI_DEMO_2023,YC_REG_PUHUI_DEMO_2023,,,,,,,,,1,READY_FOR_GEOCODE,PENDING,READY_FOR_GEOCODE
nursery_b9379addc1bc,盐城,盐南高新区,盐城英迪儿教育咨询有限公司,,,,盐南高新区戴庄路 17 号蔚蓝水岸花园 9 幢 201-204 室,YC_REG_PUHUI_DEMO_2023,YC_REG_PUHUI_DEMO_2023,,,,,,,,,1,READY_FOR_GEOCODE,PENDING,READY_FOR_GEOCODE
nursery_224a996f7435,苏州,,张家港市南沙幼儿园,,托幼一体/托班,,张家港市金港街道江海南路898号,SZ_REG_MAP_2024_JSON_9F1DD629,SZ_REG_MAP_2024_JSON_9F1DD629,,,1,,,,,,1,READY_FOR_GEOCODE,PENDING,READY_FOR_GEOCODE
nursery_ad13dc1e6cc0,苏州,,张家港市金香幼儿园,,托幼一体/托班,,张家港市金港街道江海中路28号,SZ_REG_MAP_2024_JSON_9F1DD629,SZ_REG_MAP_2024_JSON_9F1DD629,,,1,,,,,,1,READY_FOR_GEOCODE,PENDING,READY_FOR_GEOCODE
nursery_65e41798ade9,苏州,,张家港市海港幼儿园,,托幼一体/托班,,张家港市金港街道海南路3号,SZ_REG_MAP_2024_JSON_9F1DD629,SZ_REG_MAP_2024_JSON_9F1DD629,,,1,,,,,,1,READY_FOR_GEOCODE,PENDING,READY_FOR_GEOCODE
nursery_7d8007ec2331,苏州,,张家港市苏阳托育中心有限公司,,托育机构,,张家港市金港镇黄泗浦西路88号,SZ_REG_MAP_2024_JSON_9F1DD629,SZ_REG_MAP_2024_JSON_9F1DD629,,,,,,,,,1,READY_FOR_GEOCODE,PENDING,READY_FOR_GEOCODE
nursery_70f75adc0ac7,苏州,,张家港市金港中心幼儿园,,托幼一体/托班,,张家港市金港街道中港南路501号,SZ_REG_MAP_2024_JSON_9F1DD629,SZ_REG_MAP_2024_JSON_9F1DD629,,,1,,,,,,1,READY_FOR_GEOCODE,PENDING,READY_FOR_GEOCODE
nursery_bc291d401061,苏州,,张家港市阳光绿城幼儿园有限公司,,托幼一体/托班,,张家港市金港街道金厦路118号,SZ_REG_MAP_2024_JSON_9F1DD629,SZ_REG_MAP_2024_JSON_9F1DD629,,,1,,,,,,1,READY_FOR_GEOCODE,PENDING,READY_FOR_GEOCODE
nursery_69bd79eb4f19,苏州,,张家港市苏州外国语学校附属幼儿园有限公司,,托幼一体/托班,,张家港市金港街道崇真路88号,SZ_REG_MAP_2024_JSON_9F1DD629,SZ_REG_MAP_2024_JSON_9F1DD629,,,1,,,,,,1,READY_FOR_GEOCODE,PENDING,READY_FOR_GEOCODE
nursery_3ce8a665e75e,苏州,,张家港市新塍幼儿园,,托幼一体/托班,,张家港市后塍街道新学路1号,SZ_REG_MAP_2024_JSON_9F1DD629,SZ_REG_MAP_2024_JSON_9F1DD629,,,1,,,,,,1,READY_FOR_GEOCODE,PENDING,READY_FOR_GEOCODE
nursery_e2f02dcb497c,苏州,,张家港市后塍幼儿园,,托幼一体/托班,,张家港市后塍街道塍东路69号,SZ_REG_MAP_2024_JSON_9F1DD629,SZ_REG_MAP_2024_JSON_9F1DD629,,,1,,,,,,1,READY_FOR_GEOCODE,PENDING,READY_FOR_GEOCODE
nursery_e5a95314e844,苏州,,张家港市闸上幼儿园,,托幼一体/托班,,苏州市张家港市杨舍镇新闸路160号,SZ_REG_MAP_2024_JSON_9F1DD629,SZ_REG_MAP_2024_JSON_9F1DD629,,,1,,,,,,1,READY_FOR_GEOCODE,PENDING,READY_FOR_GEOCODE
