raw_row_id,city,district,registry_batch_name,source_id,source_url,source_publish_date,institution_name_raw,address_raw,operator_name_raw,institution_type_raw,registry_status_raw,inclusive_flag_raw,demo_flag_raw,community_flag_raw,phone_raw,capacity_raw,fee_raw,raw_text,parse_status,manual_check_flag
regraw_8e520cba8fe3,南京,,江宁区人民政府 附件解析,NJ_REG_ENTRY_2023_江宁区_GOV_ATT_9E4A7222,https://www.jiangning.gov.cn/jnqrmzf/202405/P020240515353374429442.docx,,南京德贝保育服务有限公司,江宁区胜太东路179号21世纪培训产业园二楼,,,,,,,17361884706,,, | 南京德贝保育服务有限公司 | 江宁区胜太东路179号21世纪培训产业园二楼 | 17361884706 |  |  |  |  |  | ,parsed_attachment_table,0
regraw_6f2970ef1391,南京,,江宁区人民政府 附件解析,NJ_REG_ENTRY_2023_江宁区_GOV_ATT_9E4A7222,https://www.jiangning.gov.cn/jnqrmzf/202405/P020240515353374429442.docx,,南京宁禾托育有限公司,南京市江宁区东山街道竹翠路54号102室,,,,,,,15195767783,,, | 南京宁禾托育有限公司 | 南京市江宁区东山街道竹翠路54号102室 | 15195767783 |  |  |  |  |  | ,parsed_attachment_table,0
regraw_ca5cc8531836,南京,,江宁区人民政府 附件解析,NJ_REG_ENTRY_2023_江宁区_GOV_ATT_9E4A7222,https://www.jiangning.gov.cn/jnqrmzf/202405/P020240515353374429442.docx,,南京吾家婴幼儿保育有限公司,江宁区双龙大道与兰台街交汇处保乐荟2楼211-215,,,,,,,13851844040,,, | 南京吾家婴幼儿保育有限公司 | 江宁区双龙大道与兰台街交汇处保乐荟2楼211-215 | 13851844040 |  |  |  |  |  | ,parsed_attachment_table,0
regraw_805500708fba,南京,,江宁区人民政府 附件解析,NJ_REG_ENTRY_2023_江宁区_GOV_ATT_9E4A7222,https://www.jiangning.gov.cn/jnqrmzf/202405/P020240515353374429442.docx,,南京安夏蒙氏婴幼儿托育有限公司,江宁区天元西路88号文化名园3-103,,,,,,,025-52755149-0 18114719071,,, | 南京安夏蒙氏婴幼儿托育有限公司 | 江宁区天元西路88号文化名园3-103 | 025-52755149-0 18114719071 |  |  |  |  |  | ,parsed_attachment_table,0
regraw_c96c920c71b5,南京,,江宁区人民政府 附件解析,NJ_REG_ENTRY_2023_江宁区_GOV_ATT_9E4A7222,https://www.jiangning.gov.cn/jnqrmzf/202405/P020240515353374429442.docx,,唯思顿零三三（南京）保育服务有限公司,江宁区秣陵街道韩府路8号香山美墅商业街,,,,,,,13511761272,,, | 唯思顿零三三（南京）保育服务有限公司 | 江宁区秣陵街道韩府路8号香山美墅商业街 | 13511761272 |  |  |  |  |  | ,parsed_attachment_table,0
regraw_cee0ec74c3e5,南京,,江宁区人民政府 附件解析,NJ_REG_ENTRY_2023_江宁区_GOV_ATT_9E4A7222,https://www.jiangning.gov.cn/jnqrmzf/202405/P020240515353374429442.docx,,南京市江宁区博文育儿园,江宁区利源中路88号高尔夫国际花园22栋107室,,,,,,,18061611668 18061612668,,, | 南京市江宁区博文育儿园 | 江宁区利源中路88号高尔夫国际花园22栋107室 | 18061611668 18061612668 |  |  |  |  |  | ,parsed_attachment_table,0
regraw_a9d2df18e9d6,南京,,江宁区人民政府 附件解析,NJ_REG_ENTRY_2023_江宁区_GOV_ATT_9E4A7222,https://www.jiangning.gov.cn/jnqrmzf/202405/P020240515353374429442.docx,,南京小象一号婴幼儿保育有限公司,江宁区将军大道33号诗丹名苑10栋101-102号,,,,,,,18012968601,,, | 南京小象一号婴幼儿保育有限公司 | 江宁区将军大道33号诗丹名苑10栋101-102号 | 18012968601 |  |  |  |  |  | ,parsed_attachment_table,0
regraw_fa7307ed4b11,南京,,江宁区人民政府 附件解析,NJ_REG_ENTRY_2023_江宁区_GOV_ATT_9E4A7222,https://www.jiangning.gov.cn/jnqrmzf/202405/P020240515353374429442.docx,,南京天赋育儿园,江宁区秣陵街道铺岗街28号,,,,,,,13851508919,,, | 南京天赋育儿园 | 江宁区秣陵街道铺岗街28号 | 13851508919 |  |  |  |  |  | ,parsed_attachment_table,0
regraw_2ace0e22f5ac,南京,,江宁区人民政府 附件解析,NJ_REG_ENTRY_2023_江宁区_GOV_ATT_9E4A7222,https://www.jiangning.gov.cn/jnqrmzf/202405/P020240515353374429442.docx,,南京意蒙家婴幼儿照护服务有限公司,江宁区清水亭东路9号万科金域蓝湾72幢,,,,,,,025 - 86169958 15651717280,,, | 南京意蒙家婴幼儿照护服务有限公司 | 江宁区清水亭东路9号万科金域蓝湾72幢 | 025 - 86169958 15651717280 |  |  |  |  |  | ,parsed_attachment_table,0
regraw_baa782673470,南京,,江宁区人民政府 附件解析,NJ_REG_ENTRY_2023_江宁区_GOV_ATT_9E4A7222,https://www.jiangning.gov.cn/jnqrmzf/202405/P020240515353374429442.docx,,南京市江宁区伊童之家保育服务有限公司,江宁区长亭街55号珑湾花园商业01幢101室,,,,,,,13770664835,,, | 南京市江宁区伊童之家保育服务有限公司 | 江宁区长亭街55号珑湾花园商业01幢101室 | 13770664835 |  |  |  |  |  | ,parsed_attachment_table,0
regraw_3339481f0186,南京,,江宁区人民政府 附件解析,NJ_REG_ENTRY_2023_江宁区_GOV_ATT_9E4A7222,https://www.jiangning.gov.cn/jnqrmzf/202405/P020240515353374429442.docx,,南京诚基保育服务有限公司,江宁区天元中路128号诚基名苑2幢106室,,,,,,,1 7730398728,,, | 南京诚基保育服务有限公司 | 江宁区天元中路128号诚基名苑2幢106室 | 1 7730398728 |  |  |  |  |  | ,parsed_attachment_table,0
regraw_2e214e6bafe6,南京,,江宁区人民政府 附件解析,NJ_REG_ENTRY_2023_江宁区_GOV_ATT_9E4A7222,https://www.jiangning.gov.cn/jnqrmzf/202405/P020240515353374429442.docx,,南京思奕婴幼儿保育有限公司,江宁区汤山街道汤泉东路43号,,,,,,,13914792311,,, | 南京思奕婴幼儿保育有限公司 | 江宁区汤山街道汤泉东路43号 | 13914792311 |  |  |  |  |  | ,parsed_attachment_table,0
regraw_dc0ba45ddb6d,南京,,江宁区人民政府 附件解析,NJ_REG_ENTRY_2023_江宁区_GOV_ATT_9E4A7222,https://www.jiangning.gov.cn/jnqrmzf/202405/P020240515353374429442.docx,,南京市江宁区金龟子育儿园,江宁区莱茵达路96-100号,,,,,,,13809009578,,, | 南京市江宁区金龟子育儿园 | 江宁区莱茵达路96-100号 | 13809009578 |  |  |  |  |  | ,parsed_attachment_table,0
regraw_fcc4c8cce2bd,南京,,江宁区人民政府 附件解析,NJ_REG_ENTRY_2023_江宁区_GOV_ATT_9E4A7222,https://www.jiangning.gov.cn/jnqrmzf/202405/P020240515353374429442.docx,,南京金宝宝启蒙婴幼儿保育有限公司,江宁区金宝商业广场天元路店31栋1楼1号,,,,,,,025- 52498609 17751755281,,, | 南京金宝宝启蒙婴幼儿保育有限公司 | 江宁区金宝商业广场天元路店31栋1楼1号 | 025- 52498609 17751755281 |  |  |  |  |  | ,parsed_attachment_table,0
regraw_04b92778d124,南京,,江宁区人民政府 附件解析,NJ_REG_ENTRY_2023_江宁区_GOV_ATT_9E4A7222,https://www.jiangning.gov.cn/jnqrmzf/202405/P020240515353374429442.docx,,南京市江宁区哆唻咪育儿园,江宁区天印大道明月新寓门面房1008-16号,,,,,,,025- 52179268 139 13870051,,, | 南京市江宁区哆唻咪育儿园 | 江宁区天印大道明月新寓门面房1008-16号 | 025- 52179268 139 13870051 |  |  |  |  |  | ,parsed_attachment_table,0
regraw_86ac099d2b14,南京,,江宁区人民政府 附件解析,NJ_REG_ENTRY_2023_江宁区_GOV_ATT_9E4A7222,https://www.jiangning.gov.cn/jnqrmzf/202405/P020240515353374429442.docx,,南京市七彩宝屋保育服务有限公司,江宁区湖东路29号9号楼208,,,,,,,025- 84799995 19951935550,,, | 南京市七彩宝屋保育服务有限公司 | 江宁区湖东路29号9号楼208 | 025- 84799995 19951935550 |  |  |  |  |  | ,parsed_attachment_table,0
regraw_35360fe68e6d,南京,,江宁区人民政府 附件解析,NJ_REG_ENTRY_2023_江宁区_GOV_ATT_9E4A7222,https://www.jiangning.gov.cn/jnqrmzf/202405/P020240515353374429442.docx,,南京铃兰婴幼儿保育有限公司,江宁区科学园竹山南路潭桥北园商业综合楼二楼,,,,,,,13675192288,,, | 南京铃兰婴幼儿保育有限公司 | 江宁区科学园竹山南路潭桥北园商业综合楼二楼 | 13675192288 |  |  |  |  |  | ,parsed_attachment_table,0
regraw_bbd0dbb026b2,南京,,江宁区人民政府 附件解析,NJ_REG_ENTRY_2023_江宁区_GOV_ATT_9E4A7222,https://www.jiangning.gov.cn/jnqrmzf/202405/P020240515353374429442.docx,,南京心禾婴幼儿托育有限公司,江宁区湖熟街道友谊路18号,,,,,,,13952046623,,, | 南京心禾婴幼儿托育有限公司 | 江宁区湖熟街道友谊路18号 | 13952046623 |  |  |  |  |  | ,parsed_attachment_table,0
regraw_902d07eb00a1,南京,,江宁区人民政府 附件解析,NJ_REG_ENTRY_2023_江宁区_GOV_ATT_9E4A7222,https://www.jiangning.gov.cn/jnqrmzf/202405/P020240515353374429442.docx,,南京泰兰特保育服务有限公司,江宁区麒麟街道麒东路777号银亿东城第九街道40号206室,,,,,,,1 5850542453,,, | 南京泰兰特保育服务有限公司 | 江宁区麒麟街道麒东路777号银亿东城第九街道40号206室 | 1 5850542453 |  |  |  |  |  | ,parsed_attachment_table,0
regraw_8440e0813d1c,南京,,南京市秦淮区人民政府,NJ_REG_ENTRY_2023_秦淮区_GOV,https://www.njqh.gov.cn/qhqrmzf/202507/t20250711_5605267.html,,南京三之三幼儿园,南京市秦淮区御道街169号,,,,,,,,,,1 | 南京三之三幼儿园 | 南京市秦淮区御道街169号,parsed_table,0
regraw_be275b2c3c78,南京,,南京市秦淮区人民政府,NJ_REG_ENTRY_2023_秦淮区_GOV,https://www.njqh.gov.cn/qhqrmzf/202507/t20250711_5605267.html,,南京秦淮龙苑幼儿园,南京市秦淮区龙苑新寓一村9号,,,,,,,,,,2 | 南京秦淮龙苑幼儿园 | 南京市秦淮区龙苑新寓一村9号,parsed_table,0
regraw_d3d2f5460b1d,南京,,南京市秦淮区人民政府,NJ_REG_ENTRY_2023_秦淮区_GOV,https://www.njqh.gov.cn/qhqrmzf/202507/t20250711_5605267.html,,奥星幼儿园,南京市秦淮区苜蓿园大街69号,,,,,,,,,,3 | 奥星幼儿园 | 南京市秦淮区苜蓿园大街69号,parsed_table,0
regraw_8198bdcbc23a,南京,,南京市秦淮区人民政府,NJ_REG_ENTRY_2023_秦淮区_GOV,https://www.njqh.gov.cn/qhqrmzf/202507/t20250711_5605267.html,,天坛新寓幼儿园,南京市秦淮区石门坎146号,,,,,,,,,,4 | 天坛新寓幼儿园 | 南京市秦淮区石门坎146号,parsed_table,0
regraw_5b58c780a2dd,南京,,南京市秦淮区人民政府,NJ_REG_ENTRY_2023_秦淮区_GOV,https://www.njqh.gov.cn/qhqrmzf/202507/t20250711_5605267.html,,南京鸿意星城幼儿园,南京市秦淮区星海路6号,,,,,,,,,,5 | 南京鸿意星城幼儿园 | 南京市秦淮区星海路6号,parsed_table,0
regraw_b4d9aed06715,南京,,南京市秦淮区人民政府,NJ_REG_ENTRY_2023_秦淮区_GOV,https://www.njqh.gov.cn/qhqrmzf/202507/t20250711_5605267.html,,南京美儿乐婴幼儿保育服务有限公司,南京市秦淮区象房村路50号-1,,,,,,,,,,6 | 南京美儿乐婴幼儿保育服务有限公司 | 南京市秦淮区象房村路50号-1,parsed_table,0
regraw_aab1590f6c09,南京,,南京市秦淮区人民政府,NJ_REG_ENTRY_2023_秦淮区_GOV,https://www.njqh.gov.cn/qhqrmzf/202507/t20250711_5605267.html,,南京因爱婴幼儿保育有限公司,南京市秦淮区汇景北路140号2楼,,,,,,,,,,7 | 南京因爱婴幼儿保育有限公司 | 南京市秦淮区汇景北路140号2楼,parsed_table,0
regraw_60fe16fdc0c7,南京,,南京市秦淮区人民政府,NJ_REG_ENTRY_2023_秦淮区_GOV,https://www.njqh.gov.cn/qhqrmzf/202507/t20250711_5605267.html,,大地幼儿园,南京市秦淮区尚书巷3号,,,,,,,,,,8 | 大地幼儿园 | 南京市秦淮区尚书巷3号,parsed_table,0
regraw_09484eca2678,南京,,南京市秦淮区人民政府,NJ_REG_ENTRY_2023_秦淮区_GOV,https://www.njqh.gov.cn/qhqrmzf/202507/t20250711_5605267.html,,南京紫金明珠幼儿园,秦淮区星海路8号39幢,,,,,,,,,,9 | 南京紫金明珠幼儿园 | 秦淮区星海路8号39幢,parsed_table,0
regraw_442a56aa9f9b,南京,,南京市秦淮区人民政府,NJ_REG_ENTRY_2023_秦淮区_GOV,https://www.njqh.gov.cn/qhqrmzf/202507/t20250711_5605267.html,,南京秦淮东方智能幼儿园,南京市秦淮区永乐北路2号,,,,,,,,,,10 | 南京秦淮东方智能幼儿园 | 南京市秦淮区永乐北路2号,parsed_table,0
regraw_5c1f8aa6d5e1,南京,,南京市秦淮区人民政府,NJ_REG_ENTRY_2023_秦淮区_GOV,https://www.njqh.gov.cn/qhqrmzf/202507/t20250711_5605267.html,,南京市七韵幼儿园,秦淮区石杨路116号住建大厦3栋,,,,,,,,,,11 | 南京市七韵幼儿园 | 秦淮区石杨路116号住建大厦3栋,parsed_table,0
regraw_75da8b7b5814,南京,,南京市秦淮区人民政府,NJ_REG_ENTRY_2023_秦淮区_GOV,https://www.njqh.gov.cn/qhqrmzf/202507/t20250711_5605267.html,,南京秦淮汇景幼儿园,南京市秦淮区汇福苑7号,,,,,,,,,,12 | 南京秦淮汇景幼儿园 | 南京市秦淮区汇福苑7号,parsed_table,0
regraw_08a4816d667a,南京,,南京市秦淮区人民政府,NJ_REG_ENTRY_2023_秦淮区_GOV,https://www.njqh.gov.cn/qhqrmzf/202507/t20250711_5605267.html,,南京市示范托儿所,南京市秦淮区天妃巷123号,,,,,,,,,,13 | 南京市示范托儿所 | 南京市秦淮区天妃巷123号,parsed_table,0
regraw_48f6c83b5893,南京,,南京市秦淮区人民政府,NJ_REG_ENTRY_2023_秦淮区_GOV,https://www.njqh.gov.cn/qhqrmzf/202507/t20250711_5605267.html,,南京江南明珠幼儿园,南京市秦淮区石杨路2号44幢,,,,,,,,,,14 | 南京江南明珠幼儿园 | 南京市秦淮区石杨路2号44幢,parsed_table,0
regraw_c5017d5c164c,南京,,南京市秦淮区人民政府,NJ_REG_ENTRY_2023_秦淮区_GOV,https://www.njqh.gov.cn/qhqrmzf/202507/t20250711_5605267.html,,南京市秦淮区银龙幼儿园,南京市秦淮区石杨路55号,,,,,,,,,,15 | 南京市秦淮区银龙幼儿园 | 南京市秦淮区石杨路55号,parsed_table,0
regraw_ef7f1f612d4e,南京,,南京市秦淮区人民政府,NJ_REG_ENTRY_2023_秦淮区_GOV,https://www.njqh.gov.cn/qhqrmzf/202507/t20250711_5605267.html,,东方智能鑫园幼儿园,南京市秦淮区光华路2号,,,,,,,,,,16 | 东方智能鑫园幼儿园 | 南京市秦淮区光华路2号,parsed_table,0
regraw_6470d36cfb12,南京,,南京市秦淮区人民政府,NJ_REG_ENTRY_2023_秦淮区_GOV,https://www.njqh.gov.cn/qhqrmzf/202507/t20250711_5605267.html,,南京秦淮晨光幼儿园,南京市秦淮区武定新村38号,,,,,,,,,,17 | 南京秦淮晨光幼儿园 | 南京市秦淮区武定新村38号,parsed_table,0
regraw_3d0958996ebc,南京,,南京市秦淮区人民政府,NJ_REG_ENTRY_2023_秦淮区_GOV,https://www.njqh.gov.cn/qhqrmzf/202507/t20250711_5605267.html,,江苏省儿童康复研究中心,秦淮区丰富路53号,,,,,,,,,,18 | 江苏省儿童康复研究中心 | 秦淮区丰富路53号,parsed_table,0
regraw_eb73f9c57c58,南京,,南京市秦淮区人民政府,NJ_REG_ENTRY_2023_秦淮区_GOV,https://www.njqh.gov.cn/qhqrmzf/202507/t20250711_5605267.html,,南京市秦淮区胭脂巷幼儿园托班,南京市秦淮区荷花塘12号,,,,,,,,,,19 | 南京市秦淮区胭脂巷幼儿园托班 | 南京市秦淮区荷花塘12号,parsed_table,0
regraw_098ed8cb287c,南京,,南京市秦淮区人民政府,NJ_REG_ENTRY_2023_秦淮区_GOV,https://www.njqh.gov.cn/qhqrmzf/202507/t20250711_5605267.html,,南京市秦淮区文昌巷幼儿园托班,南京市秦淮区文昌巷19号－2,,,,,,,,,,20 | 南京市秦淮区文昌巷幼儿园托班 | 南京市秦淮区文昌巷19号－2,parsed_table,0
regraw_bfa832fdccc9,南京,,南京市秦淮区人民政府,NJ_REG_ENTRY_2023_秦淮区_GOV,https://www.njqh.gov.cn/qhqrmzf/202507/t20250711_5605267.html,,南京市小白鹭幼儿园托班,南京市秦淮区曙光里55号,,,,,,,,,,21 | 南京市小白鹭幼儿园托班 | 南京市秦淮区曙光里55号,parsed_table,0
regraw_051c2b156b49,南京,,南京市秦淮区人民政府,NJ_REG_ENTRY_2023_秦淮区_GOV,https://www.njqh.gov.cn/qhqrmzf/202507/t20250711_5605267.html,,南京市秦淮区博乐婴幼儿托育园,南京市秦淮区迎春苑24号,,,,,,,,,,22 | 南京市秦淮区博乐婴幼儿托育园 | 南京市秦淮区迎春苑24号,parsed_table,0
regraw_3c069b2ad1a0,南京,,南京市秦淮区人民政府,NJ_REG_ENTRY_2023_秦淮区_GOV,https://www.njqh.gov.cn/qhqrmzf/202507/t20250711_5605267.html,,南京航空航天大学幼儿园托班,南京市秦淮区西苑小区,,,,,,,,,,23 | 南京航空航天大学幼儿园托班 | 南京市秦淮区西苑小区,parsed_table,0
regraw_e73851feaf41,南京,,南京市秦淮区人民政府,NJ_REG_ENTRY_2023_秦淮区_GOV,https://www.njqh.gov.cn/qhqrmzf/202507/t20250711_5605267.html,,南京市第一幼儿园,秦淮区八宝前街11号,,,,,,,,,,24 | 南京市第一幼儿园 | 秦淮区八宝前街11号,parsed_table,0
regraw_390f2613c3c3,南京,,南京市秦淮区人民政府,NJ_REG_ENTRY_2023_秦淮区_GOV,https://www.njqh.gov.cn/qhqrmzf/202507/t20250711_5605267.html,,南京市秦淮区秦虹幼儿园托班,南京市秦淮区高虹苑67号,,,,,,,,,,25 | 南京市秦淮区秦虹幼儿园托班 | 南京市秦淮区高虹苑67号,parsed_table,0
regraw_2825f964119a,南京,,南京市秦淮区人民政府,NJ_REG_ENTRY_2023_秦淮区_GOV,https://www.njqh.gov.cn/qhqrmzf/202507/t20250711_5605267.html,,中国电子科技集团公司第二十八研究所幼儿园,南京市秦淮区苜蓿园东街1号,,,,,,,,,,26 | 中国电子科技集团公司第二十八研究所幼儿园 | 南京市秦淮区苜蓿园东街1号,parsed_table,0
regraw_db2897420c00,南京,,南京市秦淮区人民政府,NJ_REG_ENTRY_2023_秦淮区_GOV,https://www.njqh.gov.cn/qhqrmzf/202507/t20250711_5605267.html,,南京市秦淮区李府巷幼儿园托班,南京市秦淮区双塘街道玉带园小区-69号,,,,,,,,,,27 | 南京市秦淮区李府巷幼儿园托班 | 南京市秦淮区双塘街道玉带园小区-69号,parsed_table,0
regraw_405406f2a52e,南京,,南京市秦淮区人民政府,NJ_REG_ENTRY_2023_秦淮区_GOV,https://www.njqh.gov.cn/qhqrmzf/202507/t20250711_5605267.html,,南京市秦淮区淮海幼儿园托班,南京市秦淮区八条巷7号,,,,,,,,,,28 | 南京市秦淮区淮海幼儿园托班 | 南京市秦淮区八条巷7号,parsed_table,0
regraw_b381a4246802,南京,,南京市秦淮区人民政府,NJ_REG_ENTRY_2023_秦淮区_GOV,https://www.njqh.gov.cn/qhqrmzf/202507/t20250711_5605267.html,,南京市朝天宫幼儿园托班,南京市秦淮区韩家苑15-1号,,,,,,,,,,29 | 南京市朝天宫幼儿园托班 | 南京市秦淮区韩家苑15-1号,parsed_table,0
regraw_ce4850327dda,南京,,南京市秦淮区人民政府,NJ_REG_ENTRY_2023_秦淮区_GOV,https://www.njqh.gov.cn/qhqrmzf/202507/t20250711_5605267.html,,南京市实验托儿所,南京市秦淮区白下路309号,,,,,,,,,,30 | 南京市实验托儿所 | 南京市秦淮区白下路309号,parsed_table,0
regraw_6d3ac99ec5b7,南京,,南京市秦淮区人民政府,NJ_REG_ENTRY_2023_秦淮区_GOV,https://www.njqh.gov.cn/qhqrmzf/202507/t20250711_5605267.html,,南京市秦淮区王府园幼儿园托班,南京市秦淮区王府园小区内,,,,,,,,,,31 | 南京市秦淮区王府园幼儿园托班 | 南京市秦淮区王府园小区内,parsed_table,0
regraw_7dc7cf27baca,南京,,南京市秦淮区人民政府,NJ_REG_ENTRY_2023_秦淮区_GOV,https://www.njqh.gov.cn/qhqrmzf/202507/t20250711_5605267.html,,南京市太平巷幼儿园托班,南京市秦淮区龙蟠中路388号,,,,,,,,,,32 | 南京市太平巷幼儿园托班 | 南京市秦淮区龙蟠中路388号,parsed_table,0
regraw_c2a8d7b3ea23,南京,,南京市秦淮区人民政府,NJ_REG_ENTRY_2023_秦淮区_GOV,https://www.njqh.gov.cn/qhqrmzf/202507/t20250711_5605267.html,,南京市光华东街幼儿园,南京市秦淮区光华园11号,,,,,,,,,,33 | 南京市光华东街幼儿园 | 南京市秦淮区光华园11号,parsed_table,0
regraw_4c285574aaf7,南京,,南京市秦淮区人民政府,NJ_REG_ENTRY_2023_秦淮区_GOV,https://www.njqh.gov.cn/qhqrmzf/202507/t20250711_5605267.html,,南京市秦淮区五老村幼儿园托班,南京市秦淮区新巷34号,,,,,,,,,,34 | 南京市秦淮区五老村幼儿园托班 | 南京市秦淮区新巷34号,parsed_table,0
regraw_5282aeac1e3b,南京,,南京市秦淮区人民政府,NJ_REG_ENTRY_2023_秦淮区_GOV,https://www.njqh.gov.cn/qhqrmzf/202507/t20250711_5605267.html,,解放军第八一医院幼儿园,秦淮区大杨村30号,,,,,,,,,,35 | 解放军第八一医院幼儿园 | 秦淮区大杨村30号,parsed_table,0
regraw_a7213cfda97f,南京,,南京市秦淮区人民政府,NJ_REG_ENTRY_2023_秦淮区_GOV,https://www.njqh.gov.cn/qhqrmzf/202507/t20250711_5605267.html,,南京市秦淮区东方红幼儿园托班,南京市秦淮区金陵闸43号,,,,,,,,,,36 | 南京市秦淮区东方红幼儿园托班 | 南京市秦淮区金陵闸43号,parsed_table,0
regraw_306704cbe51b,南京,,南京市秦淮区人民政府,NJ_REG_ENTRY_2023_秦淮区_GOV,https://www.njqh.gov.cn/qhqrmzf/202507/t20250711_5605267.html,,江苏省军区第四幼儿园,南京市秦淮区铜井巷,,,,,,,,,,37 | 江苏省军区第四幼儿园 | 南京市秦淮区铜井巷,parsed_table,0
regraw_d70caaf4be28,南京,,南京市秦淮区人民政府,NJ_REG_ENTRY_2023_秦淮区_GOV,https://www.njqh.gov.cn/qhqrmzf/202507/t20250711_5605267.html,,中国人民解放军94608部队幼儿园托班,南京市秦淮区中和桥30号,,,,,,,,,,38 | 中国人民解放军94608部队幼儿园托班 | 南京市秦淮区中和桥30号,parsed_table,0
regraw_a7b7230d0f30,南京,,南京市秦淮区人民政府,NJ_REG_ENTRY_2023_秦淮区_GOV,https://www.njqh.gov.cn/qhqrmzf/202507/t20250711_5605267.html,,东部战区总医院玄武幼儿园,南京市秦淮区中山东路305号,,,,,,,,,,39 | 东部战区总医院玄武幼儿园 | 南京市秦淮区中山东路305号,parsed_table,0
regraw_5b7b2882bd13,南京,,南京市秦淮区人民政府,NJ_REG_ENTRY_2023_秦淮区_GOV,https://www.njqh.gov.cn/qhqrmzf/202507/t20250711_5605267.html,,陆军工程大学标营幼儿园,南京市秦淮区标营2号,,,,,,,,,,40 | 陆军工程大学标营幼儿园 | 南京市秦淮区标营2号,parsed_table,0
regraw_be04be92e6a5,南京,,南京市秦淮区人民政府,NJ_REG_ENTRY_2023_秦淮区_GOV,https://www.njqh.gov.cn/qhqrmzf/202507/t20250711_5605267.html,,中国人民解放军陆军工程大学双龙街幼儿园,双龙大道气象学院,,,,,,,,,,41 | 中国人民解放军陆军工程大学双龙街幼儿园 | 双龙大道气象学院,parsed_table,0
regraw_cb4b25886564,南京,,南京市秦淮区人民政府,NJ_REG_ENTRY_2023_秦淮区_GOV,https://www.njqh.gov.cn/qhqrmzf/202507/t20250711_5605267.html,,中国人民解放军陆军工程大学海福巷幼儿园,南京市秦淮区海福巷1号,,,,,,,,,,42 | 中国人民解放军陆军工程大学海福巷幼儿园 | 南京市秦淮区海福巷1号,parsed_table,0
regraw_62190b0bbb8f,南京,,南京市秦淮区人民政府,NJ_REG_ENTRY_2023_秦淮区_GOV,https://www.njqh.gov.cn/qhqrmzf/202507/t20250711_5605267.html,,南京市四方幼儿园,南京市秦淮区光华路街道四方新村八村,,,,,,,,,,43 | 南京市四方幼儿园 | 南京市秦淮区光华路街道四方新村八村,parsed_table,0
regraw_a9162ab6974c,南京,,南京市秦淮区人民政府,NJ_REG_ENTRY_2023_秦淮区_GOV,https://www.njqh.gov.cn/qhqrmzf/202507/t20250711_5605267.html,,南京市君望墅幼儿园,南京市永丰大道52号-2幢,,,,,,,,,,44 | 南京市君望墅幼儿园 | 南京市永丰大道52号-2幢,parsed_table,0
regraw_bca29bd39b88,南京,,南京市秦淮区人民政府,NJ_REG_ENTRY_2023_秦淮区_GOV,https://www.njqh.gov.cn/qhqrmzf/202507/t20250711_5605267.html,,南京中兴苑幼儿园托班,南京市秦淮区虎踞南路35号,,,,,,,,,,45 | 南京中兴苑幼儿园托班 | 南京市秦淮区虎踞南路35号,parsed_table,0
regraw_45fe0b12a3aa,南京,,南京市秦淮区人民政府,NJ_REG_ENTRY_2023_秦淮区_GOV,https://www.njqh.gov.cn/qhqrmzf/202507/t20250711_5605267.html,,南京市银龙景苑幼儿园,南京市秦淮区西桐路10号,,,,,,,,,,46 | 南京市银龙景苑幼儿园 | 南京市秦淮区西桐路10号,parsed_table,0
regraw_05550551c034,南京,,南京市秦淮区人民政府,NJ_REG_ENTRY_2023_秦淮区_GOV,https://www.njqh.gov.cn/qhqrmzf/202507/t20250711_5605267.html,,南京市佳营幼儿园托班,南京市秦淮区佳营东路6-1,,,,,,,,,,47 | 南京市佳营幼儿园托班 | 南京市秦淮区佳营东路6-1,parsed_table,0
regraw_356ae9a071fe,南京,,南京市秦淮区人民政府,NJ_REG_ENTRY_2023_秦淮区_GOV,https://www.njqh.gov.cn/qhqrmzf/202507/t20250711_5605267.html,,南京市银龙鑫苑幼儿园,南京市秦淮区石杨路107号-6栋,,,,,,,,,,48 | 南京市银龙鑫苑幼儿园 | 南京市秦淮区石杨路107号-6栋,parsed_table,0
regraw_0474fba67cd4,南京,,南京市秦淮区人民政府,NJ_REG_ENTRY_2023_秦淮区_GOV,https://www.njqh.gov.cn/qhqrmzf/202507/t20250711_5605267.html,,南京市瑞金路幼儿园托班,南京市秦淮区大阳沟16号,,,,,,,,,,49 | 南京市瑞金路幼儿园托班 | 南京市秦淮区大阳沟16号,parsed_table,0
regraw_64c4711d5454,南京,,南京市秦淮区人民政府,NJ_REG_ENTRY_2023_秦淮区_GOV,https://www.njqh.gov.cn/qhqrmzf/202507/t20250711_5605267.html,,南京市小西湖幼儿园,南京市秦淮区东关头25号,,,,,,,,,,50 | 南京市小西湖幼儿园 | 南京市秦淮区东关头25号,parsed_table,0
regraw_81650a2fc628,南京,,南京市秦淮区人民政府,NJ_REG_ENTRY_2023_秦淮区_GOV,https://www.njqh.gov.cn/qhqrmzf/202507/t20250711_5605267.html,,南京市秦淮幼儿园托班,南京市秦淮区丽景华庭-7幢,,,,,,,,,,51 | 南京市秦淮幼儿园托班 | 南京市秦淮区丽景华庭-7幢,parsed_table,0
regraw_2f5297e424f0,南京,,南京市秦淮区人民政府,NJ_REG_ENTRY_2023_秦淮区_GOV,https://www.njqh.gov.cn/qhqrmzf/202507/t20250711_5605267.html,,南京市西桐路幼儿园（梅花山庄幼儿园分园）,南京市秦淮区西桐路9号,,,,,,,,,,52 | 南京市西桐路幼儿园（梅花山庄幼儿园分园） | 南京市秦淮区西桐路9号,parsed_table,0
regraw_10bb1fcfa453,南京,,南京市秦淮区人民政府,NJ_REG_ENTRY_2023_秦淮区_GOV,https://www.njqh.gov.cn/qhqrmzf/202507/t20250711_5605267.html,,南京市石杨路幼儿园,南京市秦淮区石杨路101号50幢,,,,,,,,,,53 | 南京市石杨路幼儿园 | 南京市秦淮区石杨路101号50幢,parsed_table,0
regraw_71557c7ece81,南京,,南京市秦淮区人民政府,NJ_REG_ENTRY_2023_秦淮区_GOV,https://www.njqh.gov.cn/qhqrmzf/202507/t20250711_5605267.html,,南京市游府西街幼儿园,南京市秦淮区游府新村24号,,,,,,,,,,54 | 南京市游府西街幼儿园 | 南京市秦淮区游府新村24号,parsed_table,0
regraw_ca3d482d5c9f,南京,,南京市秦淮区人民政府,NJ_REG_ENTRY_2023_秦淮区_GOV,https://www.njqh.gov.cn/qhqrmzf/202507/t20250711_5605267.html,,南京市府西街小学附属幼儿园,秦淮区秣陵路16号,,,,,,,,,,55 | 南京市府西街小学附属幼儿园 | 秦淮区秣陵路16号,parsed_table,0
regraw_210eba507b29,南京,,南京市秦淮区人民政府,NJ_REG_ENTRY_2023_秦淮区_GOV,https://www.njqh.gov.cn/qhqrmzf/202507/t20250711_5605267.html,,南京上怡婴幼儿托育有限公司红花地秦苗苗分公司,南京市秦淮区红花地43号,,,,,,,,,,56 | 南京上怡婴幼儿托育有限公司红花地秦苗苗分公司 | 南京市秦淮区红花地43号,parsed_table,0
regraw_8cd5a46a5c79,南京,,南京市秦淮区人民政府,NJ_REG_ENTRY_2023_秦淮区_GOV,https://www.njqh.gov.cn/qhqrmzf/202507/t20250711_5605267.html,,南京市石鼓路小学附属幼儿园托班,秦淮区韩家苑15-1,,,,,,,,,,57 | 南京市石鼓路小学附属幼儿园托班 | 秦淮区韩家苑15-1,parsed_table,0
regraw_736b4b8e0260,南京,,南京市秦淮区人民政府,NJ_REG_ENTRY_2023_秦淮区_GOV,https://www.njqh.gov.cn/qhqrmzf/202507/t20250711_5605267.html,,南京雅居乐花园幼儿园,南京市秦淮区龙蟠南路33号,,,,,,,,,,58 | 南京雅居乐花园幼儿园 | 南京市秦淮区龙蟠南路33号,parsed_table,0
regraw_e0aec0248573,南京,,南京市秦淮区人民政府,NJ_REG_ENTRY_2023_秦淮区_GOV,https://www.njqh.gov.cn/qhqrmzf/202507/t20250711_5605267.html,,南京秦淮小米奇幼儿园,南京市秦淮区双塘路柳叶街133号,,,,,,,,,,59 | 南京秦淮小米奇幼儿园 | 南京市秦淮区双塘路柳叶街133号,parsed_table,0
regraw_99d5e62fdeb6,南京,,南京市秦淮区人民政府,NJ_REG_ENTRY_2023_秦淮区_GOV,https://www.njqh.gov.cn/qhqrmzf/202507/t20250711_5605267.html,,南京秦淮五洲幼儿园,南京市秦淮区石门坎100-3号,,,,,,,,,,60 | 南京秦淮五洲幼儿园 | 南京市秦淮区石门坎100-3号,parsed_table,0
regraw_ae7b80a46f61,南京,,南京市秦淮区人民政府,NJ_REG_ENTRY_2023_秦淮区_GOV,https://www.njqh.gov.cn/qhqrmzf/202507/t20250711_5605267.html,,南京文思荟智婴幼儿保育有限公司,南京市秦淮区航程路16号101室,,,,,,,,,,61 | 南京文思荟智婴幼儿保育有限公司 | 南京市秦淮区航程路16号101室,parsed_table,0
regraw_44bc4f51965c,南京,,南京市秦淮区人民政府,NJ_REG_ENTRY_2023_秦淮区_GOV,https://www.njqh.gov.cn/qhqrmzf/202507/t20250711_5605267.html,,南京开心果婴幼儿保育有限公司,南京市秦淮区后标营小区50号水缘居1幢2楼,,,,,,,,,,62 | 南京开心果婴幼儿保育有限公司 | 南京市秦淮区后标营小区50号水缘居1幢2楼,parsed_table,0
regraw_405659d596d3,南京,,南京市秦淮区人民政府,NJ_REG_ENTRY_2023_秦淮区_GOV,https://www.njqh.gov.cn/qhqrmzf/202507/t20250711_5605267.html,,南京市富丽山庄幼儿园托班,南京市秦淮区苜蓿园大街4号,,,,,,,,,,63 | 南京市富丽山庄幼儿园托班 | 南京市秦淮区苜蓿园大街4号,parsed_table,0
regraw_91822ce6ba05,南京,,南京市秦淮区人民政府,NJ_REG_ENTRY_2023_秦淮区_GOV,https://www.njqh.gov.cn/qhqrmzf/202507/t20250711_5605267.html,,南京东恒阳光幼儿园,玄武区黑墨营98号,,,,,,,,,,64 | 南京东恒阳光幼儿园 | 玄武区黑墨营98号,parsed_table,0
regraw_11c4a46abfb0,南京,,南京市秦淮区人民政府,NJ_REG_ENTRY_2023_秦淮区_GOV,https://www.njqh.gov.cn/qhqrmzf/202507/t20250711_5605267.html,,南京市秦淮区常府幼儿园,南京市秦淮区街398号,,,,,,,,,,65 | 南京市秦淮区常府幼儿园 | 南京市秦淮区街398号,parsed_table,0
regraw_b209e0f3bfb4,南京,,南京市秦淮区人民政府,NJ_REG_ENTRY_2023_秦淮区_GOV,https://www.njqh.gov.cn/qhqrmzf/202507/t20250711_5605267.html,,南京市秦淮区康康幼儿园,秦淮区秦虹小区康居里25栋,,,,,,,,,,66 | 南京市秦淮区康康幼儿园 | 秦淮区秦虹小区康居里25栋,parsed_table,0
regraw_7466ab29b99f,南京,,南京市秦淮区人民政府,NJ_REG_ENTRY_2023_秦淮区_GOV,https://www.njqh.gov.cn/qhqrmzf/202507/t20250711_5605267.html,,南京市秦淮区保利堂悦幼儿园,秦淮区汇康路99号1幢,,,,,,,,,,67 | 南京市秦淮区保利堂悦幼儿园 | 秦淮区汇康路99号1幢,parsed_table,0
regraw_5846a5b0cc9d,南通,,南通托育在线机构列表,NT_REG_ORGAN_SEARCH,https://www.health-nt.com/organ/search,,如皋市爱贝艺术培训有限公司,如皋市东方花园二期586号,,,,,,,18012273312,,,如皋市爱贝艺术培训有限公司 | 如皋市东方花园二期586号 | 18012273312,parsed_ssr_list,0
regraw_dcd1360fa816,南通,,南通托育在线机构列表,NT_REG_ORGAN_SEARCH,https://www.health-nt.com/organ/search,,海安高新区孙庄幼儿园,,,,,,,,,,,海安高新区孙庄幼儿园,parsed_ssr_list,1
regraw_613209a551ef,南通,,南通托育在线机构列表,NT_REG_ORGAN_SEARCH,https://www.health-nt.com/organ/search,,如皋市七彩阳光儿童成长有限公司,如皋市城南街道御锦馨河城5幢8号商铺,,,,,,,18252813173,,,如皋市七彩阳光儿童成长有限公司 | 如皋市城南街道御锦馨河城5幢8号商铺 | 18252813173,parsed_ssr_list,0
regraw_3a26a5965a93,南通,,南通托育在线机构列表,NT_REG_ORGAN_SEARCH,https://www.health-nt.com/organ/search,,贝悠儿幼儿园,平潮镇晏园枫庭21幢,,,,,,,,,,贝悠儿幼儿园 | 平潮镇晏园枫庭21幢,parsed_ssr_list,0
regraw_84025bb4672e,南通,,南通托育在线机构列表,NT_REG_ORGAN_SEARCH,https://www.health-nt.com/organ/search,,南通吉堡倍悠儿托育有限公司,新世纪大道158号,,,,,,,13656283666,,,南通吉堡倍悠儿托育有限公司 | 新世纪大道158号 | 13656283666,parsed_ssr_list,0
regraw_17f88fc07081,南通,,南通托育在线机构列表,NT_REG_ORGAN_SEARCH,https://www.health-nt.com/organ/search,,南通市海门区浦江幼儿园,南通市海门区浦江幼儿园北京路北浦江路口,,,,,,,,,,南通市海门区浦江幼儿园 | 南通市海门区浦江幼儿园北京路北浦江路口,parsed_ssr_list,0
regraw_b9c68f42aa5e,南通,,南通托育在线机构列表,NT_REG_ORGAN_SEARCH,https://www.health-nt.com/organ/search,,南通市海门区长兴幼儿园,南通市海门区常乐镇长安路165号,,,,,,,,,,南通市海门区长兴幼儿园 | 南通市海门区常乐镇长安路165号,parsed_ssr_list,0
regraw_b9e6b1753d6f,南通,,南通托育在线机构列表,NT_REG_ORGAN_SEARCH,https://www.health-nt.com/organ/search,,南通市海门区锦绣幼儿园,南通市海门区锦绣幼儿园丝绸路349号,,,,,,,,,,南通市海门区锦绣幼儿园 | 南通市海门区锦绣幼儿园丝绸路349号,parsed_ssr_list,0
regraw_eb200a466bfb,南通,,南通托育在线机构列表,NT_REG_ORGAN_SEARCH,https://www.health-nt.com/organ/search,,南通市海门区东洲幼儿园,南通市海门区育才路77号,,,,,,,,,,南通市海门区东洲幼儿园 | 南通市海门区育才路77号,parsed_ssr_list,0
regraw_3e01026a7642,南通,,南通托育在线机构列表,NT_REG_ORGAN_SEARCH,https://www.health-nt.com/organ/search,,南通市海门区临江镇诺迪幼儿园有限公司,海门区临江镇洞庭湖路100号,,,,,,,,,,南通市海门区临江镇诺迪幼儿园有限公司 | 海门区临江镇洞庭湖路100号,parsed_ssr_list,0
regraw_123485e91188,盐城,响水县,盐城市卫生健康委员会 公告公示 关于2023年市级普惠托育机构和市级示范托育机构名单的公示,YC_REG_PUHUI_DEMO_2023,https://wsj.yancheng.gov.cn/art/2023/10/31/art_2440_4079737.html,2023-10-31,响水县响水镇幼儿园,响水县响灌路 280 号,,,,,,,,,,响水县 | 响水县响水镇幼儿园 | 响水县响灌路托育园 | 响水县响灌路 280 号,parsed_table,0
regraw_79c75dcf97f0,盐城,滨海县,盐城市卫生健康委员会 公告公示 关于2023年市级普惠托育机构和市级示范托育机构名单的公示,YC_REG_PUHUI_DEMO_2023,https://wsj.yancheng.gov.cn/art/2023/10/31/art_2440_4079737.html,2023-10-31,滨海县运动宝贝早教中心,滨海县景湖理想城商业楼 C 楼 102.201-205 室,,,,,,,,,,滨海县 | 滨海县运动宝贝早教中心 | 滨海县运动宝贝早教中心 | 滨海县景湖理想城商业楼 C 楼 102.201-205 室,parsed_table,0
regraw_8632bcdabb63,盐城,阜宁县,盐城市卫生健康委员会 公告公示 关于2023年市级普惠托育机构和市级示范托育机构名单的公示,YC_REG_PUHUI_DEMO_2023,https://wsj.yancheng.gov.cn/art/2023/10/31/art_2440_4079737.html,2023-10-31,七彩之光托育有限公司,阜宁县馥桂园 25 栋 S236 、 S237 室,,,,,,,,,,阜宁县 | 七彩之光托育有限公司 | 爱彼宝国际托教中心 | 阜宁县馥桂园 25 栋 S236 、 S237 室,parsed_table,0
regraw_f4cc8e9a1503,盐城,射阳县,盐城市卫生健康委员会 公告公示 关于2023年市级普惠托育机构和市级示范托育机构名单的公示,YC_REG_PUHUI_DEMO_2023,https://wsj.yancheng.gov.cn/art/2023/10/31/art_2440_4079737.html,2023-10-31,射阳县小荧星托育中心有限公司,射阳县金科未来城小区 1 号楼 102 、 103 室,,,,,,,,,,射阳县 | 射阳县小荧星托育中心有限公司 | 小荧星托育中心 | 射阳县金科未来城小区 1 号楼 102 、 103 室,parsed_table,0
regraw_52a0a328a58f,盐城,建湖县,盐城市卫生健康委员会 公告公示 关于2023年市级普惠托育机构和市级示范托育机构名单的公示,YC_REG_PUHUI_DEMO_2023,https://wsj.yancheng.gov.cn/art/2023/10/31/art_2440_4079737.html,2023-10-31,建湖壹心托育有限公司,建湖县京城国际 13 号楼 101 室,,,,,,,,,,建湖县 | 建湖壹心托育有限公司 | 壹心托育中心 | 建湖县京城国际 13 号楼 101 室,parsed_table,0
regraw_9e9acd90cab7,盐城,东台市,盐城市卫生健康委员会 公告公示 关于2023年市级普惠托育机构和市级示范托育机构名单的公示,YC_REG_PUHUI_DEMO_2023,https://wsj.yancheng.gov.cn/art/2023/10/31/art_2440_4079737.html,2023-10-31,东台市东方幼儿园,东台市东园路 168-28 号,,,,,,,,,,东台市 | 东台市东方幼儿园 | 东台市东方幼儿园 | 东台市东园路 168-28 号,parsed_table,0
regraw_4a8a956b6e0f,盐城,大丰区,盐城市卫生健康委员会 公告公示 关于2023年市级普惠托育机构和市级示范托育机构名单的公示,YC_REG_PUHUI_DEMO_2023,https://wsj.yancheng.gov.cn/art/2023/10/31/art_2440_4079737.html,2023-10-31,大丰区大中街道中心幼儿园城南分园,大丰区晨风路 2 号,,,,,,,,,,大丰区 | 大丰区大中街道中心幼儿园城南分园 | 大丰区大中街道中心幼儿园城南分园 | 大丰区晨风路 2 号,parsed_table,0
regraw_7607781a02ba,盐城,盐都区,盐城市卫生健康委员会 公告公示 关于2023年市级普惠托育机构和市级示范托育机构名单的公示,YC_REG_PUHUI_DEMO_2023,https://wsj.yancheng.gov.cn/art/2023/10/31/art_2440_4079737.html,2023-10-31,盐城金域华府托育有限公司,盐都区盐枕路 2 号,,,,,,,,,,盐都区 | 盐城金域华府托育有限公司 | 乔登蒙特梭利儿童之家 | 盐都区盐枕路 2 号,parsed_table,0
regraw_e54987ee9191,盐城,亭湖区,盐城市卫生健康委员会 公告公示 关于2023年市级普惠托育机构和市级示范托育机构名单的公示,YC_REG_PUHUI_DEMO_2023,https://wsj.yancheng.gov.cn/art/2023/10/31/art_2440_4079737.html,2023-10-31,盐城市解放路实验学校第三附属幼儿园,亭湖区文榭路 9 号,,,,,,,,,,亭湖区 | 盐城市解放路实验学校第三附属幼儿园 | 盐城市解放路实验学校第三附属幼儿园 | 亭湖区文榭路 9 号,parsed_table,0
regraw_29ca6ec2edee,盐城,经济技术开发区,盐城市卫生健康委员会 公告公示 关于2023年市级普惠托育机构和市级示范托育机构名单的公示,YC_REG_PUHUI_DEMO_2023,https://wsj.yancheng.gov.cn/art/2023/10/31/art_2440_4079737.html,2023-10-31,盐城市松江路幼儿园,盐城经济技术开发区松江路 8 号,,,,,,,,,,经济技术开发区 | 盐城市松江路幼儿园 | 盐城市松江路幼儿园 | 盐城经济技术开发区松江路 8 号,parsed_table,0
regraw_3b457b1bd240,盐城,盐南高新区,盐城市卫生健康委员会 公告公示 关于2023年市级普惠托育机构和市级示范托育机构名单的公示,YC_REG_PUHUI_DEMO_2023,https://wsj.yancheng.gov.cn/art/2023/10/31/art_2440_4079737.html,2023-10-31,盐城金睿教育信息咨询有限公司,盐南高新区新都街道晶都悦府 30 号楼 201 、 301 室,,,,,,,,,,盐南高新区 | 盐城金睿教育信息咨询有限公司 | 金睿家儿童成长中心 | 盐南高新区新都街道晶都悦府 30 号楼 201 、 301 室,parsed_table,0
regraw_e769c2e73c05,盐城,盐南高新区,盐城市卫生健康委员会 公告公示 关于2023年市级普惠托育机构和市级示范托育机构名单的公示,YC_REG_PUHUI_DEMO_2023,https://wsj.yancheng.gov.cn/art/2023/10/31/art_2440_4079737.html,2023-10-31,盐城英迪儿教育咨询有限公司,盐南高新区戴庄路 17 号蔚蓝水岸花园 9 幢 201-204 室,,,,,,,,,,盐南高新区 | 盐城英迪儿教育咨询有限公司 | 新爱婴托幼中心 | 盐南高新区戴庄路 17 号蔚蓝水岸花园 9 幢 201-204 室,parsed_table,0
regraw_68169f6ed138,苏州,,Suzhou H5 auto-captured XHR body,SZ_REG_MAP_2024_JSON_9F1DD629,https://app.wsjkw.suzhou.com.cn/ty/#/pages/index/index,2024-06-16,张家港市南沙幼儿园,张家港市金港街道江海南路898号,,非营利性,,20,,,13915697767,,, | 张家港市南沙幼儿园 | 张家港市金港街道江海南路898号 | 13915697767 |  |  | 非营利性 |  | 20 | ,parsed_table,0
regraw_2eb3450a95e8,苏州,,Suzhou H5 auto-captured XHR body,SZ_REG_MAP_2024_JSON_9F1DD629,https://app.wsjkw.suzhou.com.cn/ty/#/pages/index/index,2024-06-16,张家港市金香幼儿园,张家港市金港街道江海中路28号,,非营利性,,0,,,13584482750,,, | 张家港市金香幼儿园 | 张家港市金港街道江海中路28号 | 13584482750 |  |  | 非营利性 |  | 0 | ,parsed_table,0
regraw_55e1c41d0960,苏州,,Suzhou H5 auto-captured XHR body,SZ_REG_MAP_2024_JSON_9F1DD629,https://app.wsjkw.suzhou.com.cn/ty/#/pages/index/index,2024-06-16,张家港市海港幼儿园,张家港市金港街道海南路3号,,营利性,,50,,,15879391681,,, | 张家港市海港幼儿园 | 张家港市金港街道海南路3号 | 15879391681 |  |  | 营利性 |  | 50 | ,parsed_table,0
regraw_2b9fe80243fc,苏州,,Suzhou H5 auto-captured XHR body,SZ_REG_MAP_2024_JSON_9F1DD629,https://app.wsjkw.suzhou.com.cn/ty/#/pages/index/index,2024-06-16,张家港市苏阳托育中心有限公司,张家港市金港镇黄泗浦西路88号,,营利性,,65,,,15051708097,,, | 张家港市苏阳托育中心有限公司 | 张家港市金港镇黄泗浦西路88号 | 15051708097 |  |  | 营利性 |  | 65 | ,parsed_table,0
regraw_69d538b5b427,苏州,,Suzhou H5 auto-captured XHR body,SZ_REG_MAP_2024_JSON_9F1DD629,https://app.wsjkw.suzhou.com.cn/ty/#/pages/index/index,2024-06-16,张家港市金港中心幼儿园,张家港市金港街道中港南路501号,,非营利性,,20,,,13773230113,,, | 张家港市金港中心幼儿园 | 张家港市金港街道中港南路501号 | 13773230113 |  |  | 非营利性 |  | 20 | ,parsed_table,0
regraw_7eea9579fca4,苏州,,Suzhou H5 auto-captured XHR body,SZ_REG_MAP_2024_JSON_9F1DD629,https://app.wsjkw.suzhou.com.cn/ty/#/pages/index/index,2024-06-16,张家港市阳光绿城幼儿园有限公司,张家港市金港街道金厦路118号,,营利性,,0,,,13584458306,,, | 张家港市阳光绿城幼儿园有限公司 | 张家港市金港街道金厦路118号 | 13584458306 |  |  | 营利性 |  | 0 | ,parsed_table,0
regraw_e8e9411014df,苏州,,Suzhou H5 auto-captured XHR body,SZ_REG_MAP_2024_JSON_9F1DD629,https://app.wsjkw.suzhou.com.cn/ty/#/pages/index/index,2024-06-16,张家港市苏州外国语学校附属幼儿园有限公司,张家港市金港街道崇真路88号,,营利性,,0,,,13812871981,,, | 张家港市苏州外国语学校附属幼儿园有限公司 | 张家港市金港街道崇真路88号 | 13812871981 |  |  | 营利性 |  | 0 | ,parsed_table,0
regraw_c93a39027b04,苏州,,Suzhou H5 auto-captured XHR body,SZ_REG_MAP_2024_JSON_9F1DD629,https://app.wsjkw.suzhou.com.cn/ty/#/pages/index/index,2024-06-16,张家港市新塍幼儿园,张家港市后塍街道新学路1号,,非营利性,,24,,,13962261503,,, | 张家港市新塍幼儿园 | 张家港市后塍街道新学路1号 | 13962261503 |  |  | 非营利性 |  | 24 | ,parsed_table,0
regraw_0ee2845ab4f3,苏州,,Suzhou H5 auto-captured XHR body,SZ_REG_MAP_2024_JSON_9F1DD629,https://app.wsjkw.suzhou.com.cn/ty/#/pages/index/index,2024-06-16,张家港市后塍幼儿园,张家港市后塍街道塍东路69号,,非营利性,,20,,,13773231738,,, | 张家港市后塍幼儿园 | 张家港市后塍街道塍东路69号 | 13773231738 |  |  | 非营利性 |  | 20 | ,parsed_table,0
regraw_e11e5f3dc6ee,苏州,,Suzhou H5 auto-captured XHR body,SZ_REG_MAP_2024_JSON_9F1DD629,https://app.wsjkw.suzhou.com.cn/ty/#/pages/index/index,2024-06-16,张家港市闸上幼儿园,苏州市张家港市杨舍镇新闸路160号,,非营利性,,20,,,13776278861,,, | 张家港市闸上幼儿园 | 苏州市张家港市杨舍镇新闸路160号 | 13776278861 |  |  | 非营利性 |  | 20 | ,parsed_table,0
